name,width,height,megapixels,aspect,mean_r,mean_g,mean_b,brightness,contrast,laplacian_var,bicubic_psnr
0801.png,2040,1356,2.76624,1.5044247787610618,0.48119357,0.48266768,0.47733784,0.48039916,0.23224136,0.0059532337,34.19604
0802.png,2040,1356,2.76624,1.5044247787610618,0.33028919,0.42042157,0.09386605,0.28152573,0.1985927,0.0018392216,37.916115
0803.png,2040,1536,3.13344,1.328125,0.5923661,0.5349851,0.30210373,0.47648478,0.15972763,0.001147138,38.891495
0804.png,2040,1200,2.448,1.7,0.52881294,0.5296801,0.553247,0.53724676,0.24903095,0.013197496,29.960018
0805.png,2040,1536,3.13344,1.328125,0.5863028,0.56290746,0.51356715,0.55425936,0.2551232,0.009759016,31.305696
0806.png,2040,1356,2.76624,1.5044247787610618,0.37288728,0.48813912,0.5421317,0.46771917,0.2367246,0.010610019,28.112358
0807.png,2040,1128,2.30112,1.8085106382978724,0.22357221,0.43236086,0.32831198,0.32808173,0.20835428,0.08703693,22.0033
0808.png,2040,1356,2.76624,1.5044247787610618,0.25088456,0.35915068,0.48690167,0.36564565,0.2326518,0.018462691,29.230274
0809.png,2040,1356,2.76624,1.5044247787610618,0.4496568,0.4980075,0.3518381,0.43316764,0.1915798,0.0025557475,36.850746
0810.png,2040,1536,3.13344,1.328125,0.48178846,0.48106802,0.3461822,0.43634635,0.15573125,0.01201764,30.200783
0811.png,2040,1356,2.76624,1.5044247787610618,0.28482264,0.29034084,0.23711984,0.27076104,0.22125982,0.0070822607,31.300453
0812.png,2040,1536,3.13344,1.328125,0.41357973,0.4450502,0.48259768,0.4470757,0.24100478,0.0111311665,30.699074
0813.png,2040,1464,2.98656,1.3934426229508197,0.4988284,0.44922018,0.44741696,0.46515527,0.3065579,0.0062830904,32.05484
0814.png,2040,1356,2.76624,1.5044247787610618,0.29820147,0.328772,0.3939273,0.3403003,0.14637028,0.009809521,31.962519
0815.png,2040,1356,2.76624,1.5044247787610618,0.36042506,0.36990118,0.3065221,0.34561616,0.18907519,0.0027187339,39.251724
0816.png,2040,1356,2.76624,1.5044247787610618,0.5409038,0.5257663,0.5017621,0.5228108,0.22058351,0.0049864645,33.288643
0817.png,2040,1536,3.13344,1.328125,0.37103075,0.54084826,0.49440762,0.46876237,0.19323681,0.004696244,34.77895
0818.png,2040,1536,3.13344,1.328125,0.5621225,0.5826134,0.59668565,0.58047354,0.2873471,0.008404113,33.99397
0819.png,2040,1356,2.76624,1.5044247787610618,0.44097912,0.43848553,0.37588933,0.41845125,0.2324117,0.009816774,32.19159
0820.png,2040,1356,2.76624,1.5044247787610618,0.51069444,0.52739185,0.53188324,0.523323,0.32074305,0.024416935,27.984264
0821.png,2040,1356,2.76624,1.5044247787610618,0.34843874,0.37740615,0.33259326,0.35281274,0.2759533,0.008675956,31.01942
0822.png,2040,1596,3.25584,1.2781954887218046,0.32359964,0.30603516,0.1806387,0.270091,0.1887525,0.006064103,34.81032
0823.png,2040,1284,2.61936,1.588785046728972,0.43661934,0.57313,0.67617834,0.5619762,0.2391038,0.020560492,27.12245
0824.png,2040,1356,2.76624,1.5044247787610618,0.43142158,0.4995892,0.52278644,0.484599,0.28160277,0.016816335,30.311005
0825.png,2040,1356,2.76624,1.5044247787610618,0.54001576,0.44746614,0.42522183,0.47090098,0.2412166,0.013431521,28.67804
0826.png,2040,1536,3.13344,1.328125,0.51942694,0.47577703,0.47446612,0.48988974,0.28814206,0.034578234,24.435837
0827.png,2040,1536,3.13344,1.328125,0.13111289,0.13152853,0.14687684,0.13650611,0.10017321,0.0036924349,36.2387
0828.png,2040,1356,2.76624,1.5044247787610618,0.12635222,0.17056997,0.2690805,0.18866758,0.2229177,0.12136106,20.60595
0829.png,2040,1356,2.76624,1.5044247787610618,0.33476487,0.4319316,0.23285809,0.33318505,0.15117693,0.031697206,28.035257
0830.png,2040,816,1.66464,2.5,0.5109292,0.51658654,0.5153209,0.5142792,0.19782816,0.026293648,26.79846
0831.png,2040,1356,2.76624,1.5044247787610618,0.37845084,0.31369588,0.2561476,0.31609818,0.22281252,0.007159829,30.864727
0832.png,2040,1356,2.76624,1.5044247787610618,0.38106784,0.38365823,0.3665208,0.37708232,0.26769727,0.0045957104,34.60229
0833.png,2040,1548,3.15792,1.317829457364341,0.71271604,0.6939892,0.6771826,0.69462943,0.23242824,0.0030703684,35.30237
0834.png,2040,1356,2.76624,1.5044247787610618,0.5922228,0.6264018,0.60770005,0.6087749,0.3204858,0.022479778,28.45589
0835.png,1620,2040,3.3048,0.7941176470588235,0.3066193,0.3863858,0.38274142,0.35858205,0.21743348,0.042534687,24.828415
0836.png,2040,1536,3.13344,1.328125,0.62587917,0.56396127,0.54505944,0.57830024,0.27034006,0.020388935,27.490349
0837.png,2040,1356,2.76624,1.5044247787610618,0.39103815,0.32841137,0.25949067,0.3263134,0.22915863,0.020684054,27.10766
0838.png,2040,1356,2.76624,1.5044247787610618,0.46548095,0.3212899,0.27438265,0.35371798,0.23183812,0.0013119116,39.679188
0839.png,2040,1356,2.76624,1.5044247787610618,0.30182678,0.23715849,0.17119329,0.23672612,0.25296107,0.010792879,30.821583
0840.png,2040,1356,2.76624,1.5044247787610618,0.28117242,0.28750598,0.24457413,0.27108428,0.17909919,0.010146671,32.027935
0841.png,2040,1356,2.76624,1.5044247787610618,0.29594597,0.24704784,0.22442403,0.2558061,0.1843614,0.010612246,30.215473
0842.png,2040,1356,2.76624,1.5044247787610618,0.650622,0.6238857,0.5766503,0.61705256,0.277427,0.007603909,34.33845
0843.png,2040,1356,2.76624,1.5044247787610618,0.12731424,0.124845594,0.1223607,0.12484015,0.1676949,0.0011328993,39.241024
0844.png,1356,2040,2.76624,0.6647058823529411,0.7234595,0.72534335,0.77659315,0.74179864,0.25136268,0.000427996,53.91119
0845.png,2040,1356,2.76624,1.5044247787610618,0.5521748,0.559621,0.5843864,0.5653941,0.3647782,0.0457288,24.573418
0846.png,2040,1368,2.79072,1.4912280701754386,0.51056874,0.53127134,0.55507123,0.5323038,0.37801874,0.026547153,25.685581
0847.png,1356,2040,2.76624,0.6647058823529411,0.47788063,0.47889066,0.45774105,0.47150406,0.31161594,0.014364668,33.216496
0848.png,2040,1536,3.13344,1.328125,0.48265952,0.37785995,0.30636907,0.3889627,0.2644051,0.023144607,27.812664
0849.png,2040,1356,2.76624,1.5044247787610618,0.46127552,0.41598988,0.28952724,0.388931,0.3000183,0.059591904,23.33071
0850.png,2040,1356,2.76624,1.5044247787610618,0.4408,0.42450958,0.40837133,0.42456043,0.23273242,0.011834507,30.591595
0851.png,2040,1344,2.74176,1.5178571428571428,0.12522319,0.29124138,0.45058352,0.2890161,0.17176354,0.009822003,31.148567
0852.png,2040,1152,2.35008,1.7708333333333333,0.060367733,0.07455854,0.02555873,0.05349502,0.07838123,0.0063499366,31.098127
0853.png,2040,1356,2.76624,1.5044247787610618,0.30012012,0.24153604,0.22148697,0.254381,0.22135109,0.0022897131,39.16737
0854.png,2040,1068,2.17872,1.9101123595505618,0.56189734,0.50334704,0.5044436,0.5232295,0.23621948,0.030939521,26.280432
0855.png,2040,2040,4.1616,1.0,0.4849083,0.45253614,0.4409722,0.45947218,0.23437054,0.010468291,31.862925
0856.png,2040,1356,2.76624,1.5044247787610618,0.19572626,0.22525404,0.22258566,0.21452197,0.1210776,0.015175215,27.64404
0857.png,2040,1416,2.88864,1.4406779661016949,0.39143538,0.51861244,0.58333707,0.4977951,0.15808406,0.0068964195,35.12794
0858.png,2040,1356,2.76624,1.5044247787610618,0.24345364,0.16627423,0.08144042,0.16372272,0.17729703,0.010261357,30.544567
0859.png,2040,1356,2.76624,1.5044247787610618,0.64446956,0.57141674,0.4616849,0.55919045,0.22503757,0.021923324,28.435747
0860.png,2040,1536,3.13344,1.328125,0.37596712,0.41836593,0.27685827,0.3570637,0.2533451,0.060576536,21.599838
0861.png,2040,1356,2.76624,1.5044247787610618,0.26553467,0.26304916,0.24310185,0.25722846,0.32224467,0.048021767,24.048624
0862.png,2040,1356,2.76624,1.5044247787610618,0.54484284,0.5805178,0.6310756,0.58547854,0.1516797,0.005370272,33.418407
0863.png,1500,2040,3.06,0.7352941176470589,0.5771191,0.5784521,0.49348488,0.54968494,0.28087178,0.0040972657,36.269035
0864.png,2040,1356,2.76624,1.5044247787610618,0.30066818,0.30331066,0.317213,0.30706397,0.15702136,0.006540106,33.199394
0865.png,2040,1536,3.13344,1.328125,0.4521388,0.4764739,0.50570273,0.47810534,0.19469313,0.01587183,28.910246
0866.png,1356,2040,2.76624,0.6647058823529411,0.55076194,0.53874034,0.44897392,0.51282525,0.21781772,0.02439809,36.581753
0867.png,1356,2040,2.76624,0.6647058823529411,0.46863315,0.3807662,0.2885997,0.37933314,0.18550847,0.008895369,32.319145
0868.png,2040,1356,2.76624,1.5044247787610618,0.8239032,0.7891859,0.7671999,0.79342955,0.20329216,0.0052219974,34.80681
0869.png,1356,2040,2.76624,0.6647058823529411,0.5057274,0.47045597,0.42762712,0.46793666,0.24389823,0.037914507,23.963488
0870.png,2040,1572,3.20688,1.297709923664122,0.40936396,0.4271577,0.2612778,0.36593318,0.16856629,0.00640013,31.403826
0871.png,2040,1356,2.76624,1.5044247787610618,0.512097,0.48651162,0.45999375,0.48620105,0.19723749,0.0044222116,33.498062
0872.png,2040,1356,2.76624,1.5044247787610618,0.53793645,0.5079118,0.43577993,0.4938759,0.24437815,0.034147426,26.202583
0873.png,2040,1356,2.76624,1.5044247787610618,0.38000536,0.43778148,0.49041763,0.43606764,0.22872579,0.03185717,26.610046
0874.png,2040,1356,2.76624,1.5044247787610618,0.6371917,0.55126226,0.48689118,0.55844814,0.1923245,0.007728531,31.793203
0875.png,2040,1536,3.13344,1.328125,0.36868796,0.33560356,0.24971828,0.3180031,0.20361567,0.027758136,26.04221
0876.png,2040,1356,2.76624,1.5044247787610618,0.18465607,0.19358592,0.14237794,0.17354004,0.16776507,0.05763985,24.234924
0877.png,2040,1152,2.35008,1.7708333333333333,0.17434868,0.199751,0.17505105,0.1830502,0.11694265,0.000985086,40.206734
0878.png,2040,1740,3.5496,1.1724137931034482,0.5613799,0.544423,0.5345971,0.5468,0.21417363,0.0054553947,34.725327
0879.png,2040,1872,3.81888,1.0897435897435896,0.29515237,0.4143651,0.5429822,0.4175,0.20312122,0.014200826,33.213722
0880.png,1356,2040,2.76624,0.6647058823529411,0.4416812,0.44821486,0.46249098,0.45079553,0.15447374,0.0042965263,34.661682
0881.png,2040,1260,2.5704,1.619047619047619,0.5571083,0.57206094,0.54640144,0.55852354,0.17702281,0.020909054,29.308416
0882.png,2040,1356,2.76624,1.5044247787610618,0.54899514,0.3120525,0.4600759,0.44037426,0.23577033,0.0037397703,36.79672
0883.png,2040,1380,2.8152,1.4782608695652173,0.4599373,0.45929915,0.47419247,0.4644762,0.23324718,0.006601554,30.580454
0884.png,2040,1356,2.76624,1.5044247787610618,0.46326554,0.3781747,0.26047668,0.36730558,0.21889682,0.019849664,27.017782
0885.png,2040,1356,2.76624,1.5044247787610618,0.4406476,0.3171225,0.27183667,0.34320238,0.15942377,0.03641917,25.063314
0886.png,2040,1356,2.76624,1.5044247787610618,0.41628087,0.40163815,0.3286856,0.38220146,0.20187028,0.0019338983,38.761948
0887.png,2040,1356,2.76624,1.5044247787610618,0.41124436,0.4966822,0.5168431,0.47492313,0.27703416,0.02139426,28.240143
0888.png,2040,1356,2.76624,1.5044247787610618,0.5265217,0.39251167,0.4688133,0.4626154,0.27496314,0.009718353,36.466354
0889.png,2040,1356,2.76624,1.5044247787610618,0.45411706,0.50884354,0.35687006,0.43994352,0.2619937,0.005413215,34.408386
0890.png,2040,1368,2.79072,1.4912280701754386,0.41509533,0.4790564,0.5220914,0.47208092,0.14371987,0.030726414,29.00588
