t,fps,mean_fps,iterations,frames,calibrating,width,height,received
1789834520.848,20.32520325203222,20.283975659228012,700,225,False,1189,966,1789834520.8615522
1789834521.396,17.24137931034483,20.283975659228012,700,237,False,1189,966,1789834521.4084249
1789834521.913,20.32520325203222,20.2020202020202,700,247,False,1189,966,1789834521.9264262
1789834522.436,10.152284263959391,20.283975659228012,700,258,False,1189,966,1789834522.4432886
1789834522.954,23.980815347721403,20.2020202020202,700,270,False,1189,966,1789834525.614222
1789834523.47,20.04008016032152,20.04008016032152,700,281,False,1189,966,1789834525.614222
1789834523.995,19.960079840319942,20.04008016032152,700,292,False,1189,966,1789834525.6155746
1789834524.504,24.03846153846028,20.04008016032152,700,302,False,1189,966,1789834525.616602
1789834525.021,23.584905660378574,20.04008016032152,700,313,False,1189,966,1789834525.6177058
1789834526.069,20.0,20.080321285139387,700,336,False,1189,966,1789834526.0739172
1789834526.586,19.960079840318492,20.040080160320056,700,347,False,1189,966,1789834526.5903242
1789834527.094,23.980815347721403,20.040080160320056,700,358,False,1189,966,1789834527.0996912
1789834527.611,20.0,20.04008016032152,700,369,False,1189,966,1789834527.6149209
1789834528.128,19.960079840319942,20.04008016032152,700,380,False,1189,966,1789834528.1329043
1789834528.636,23.923444976076972,20.04008016032152,700,391,False,1189,966,1789834528.6404226
1789834529.153,24.03846153846238,20.040080160320056,700,402,False,1189,966,1789834529.1569636
1789834529.669,23.980815347721403,20.040080160320056,700,413,False,1189,966,1789834529.67449
1789834530.194,19.960079840319942,20.040080160320056,700,424,False,1189,966,1789834530.1993287
1789834530.702,24.03846153846238,20.040080160320056,700,435,False,1189,966,1789834530.707033
1789834531.219,20.0,20.040080160320056,700,446,False,1189,966,1789834531.2240372
1789834531.736,20.04008016032152,20.040080160320056,700,457,False,1189,966,1789834531.7420418
1789834532.252,19.960079840319942,20.040080160320056,700,468,False,1189,966,1789834532.2566752
1789834532.761,23.980815347721403,20.040080160320056,700,479,False,1189,966,1789834532.7653923
1789834533.277,20.0,20.040080160320056,700,490,False,1189,966,1789834533.2822318
1789834533.794,20.0,20.040080160320056,700,501,False,1189,966,1789834533.799365
1789834534.302,24.03846153846238,20.040080160320056,700,512,False,1189,966,1789834534.3082407
1789834534.819,23.980815347723496,20.040080160320056,700,523,False,1189,966,1789834534.8246775
1789834535.336,20.040080160320056,20.040080160320056,700,534,False,1189,966,1789834535.341176
1789834535.852,20.040080160320056,20.040080160320056,700,545,False,1189,966,1789834535.8563242
1789834536.361,23.98081534771931,20.040080160320056,700,556,False,1189,966,1789834536.3665526
1789834536.878,20.0,20.040080160320056,700,567,False,1189,966,1789834536.8820813
1789834537.394,20.0,20.040080160320056,700,578,False,1189,966,1789834537.3998582
1789834537.911,20.040080160320056,20.040080160320056,700,589,False,1189,966,1789834537.9163325
1789834538.419,23.980815347723496,20.040080160320056,700,600,False,1189,966,1789834538.4249954
1789834538.936,20.0,20.040080160320056,700,611,False,1189,966,1789834538.940112
1789834539.452,20.0,20.040080160320056,700,622,False,1189,966,1789834539.457826
1789834539.961,24.03846153846238,20.0,700,633,False,1189,966,1789834539.9657526
1789834540.477,24.03846153846238,20.040080160320056,700,644,False,1189,966,1789834540.4824066
1789834540.994,20.0,20.0,700,655,False,1189,966,1789834540.9989686
1789834541.511,19.960079840319942,20.0,700,666,False,1189,966,1789834541.516526
1789834542.019,23.980815347723496,20.040080160320056,700,677,False,1189,966,1789834542.0244696
1789834542.536,23.98081534771931,20.040080160320056,700,688,False,1189,966,1789834542.5407193
1789834543.053,20.0,20.0,700,699,False,1189,966,1789834543.058139
1789834543.569,20.04008016032298,20.0,700,710,False,1189,966,1789834543.5741775
1789834544.078,24.03846153846238,20.0,700,721,False,1189,966,1789834544.0822384
1789834544.594,20.0,20.0,700,732,False,1189,966,1789834544.599349
1789834545.111,20.040080160320056,20.0,700,743,False,1189,966,1789834545.115648
1789834545.628,20.040080160320056,20.040080160320056,700,754,False,1189,966,1789834545.6340492
1789834546.136,23.98081534771931,20.040080160320056,700,765,False,1189,966,1789834546.1406956
1789834546.653,20.0,20.040080160320056,700,776,False,1189,966,1789834546.6579573
1789834547.169,20.04008016032298,20.040080160320056,700,787,False,1189,966,1789834547.1737993
1789834547.68,23.094688221711337,20.040080160320056,700,798,False,1189,966,1789834547.6998034
1789834548.195,24.154589371984073,20.040080160320056,700,809,False,1189,966,1789834548.2031996
1789834548.713,23.094688221707454,20.040080160320056,700,820,False,1189,966,1789834548.7242665
1789834549.229,20.325203252033724,20.040080160320056,700,830,False,1189,966,1789834549.2395654
1789834549.746,24.93765586035003,20.040080160320056,700,841,False,1189,966,1789834549.7567308
1789834550.263,19.379844961240856,20.040080160320056,700,852,False,1189,966,1789834550.2747514
1789834550.78,19.26782273603029,20.040080160320056,700,863,False,1189,966,1789834550.7909412
1789834551.287,23.47417840375667,20.04008016032298,700,874,False,1189,966,1789834551.297775
1789834551.804,23.47417840375667,20.161290322578278,700,885,False,1189,966,1789834551.8154502
1789834552.321,20.661157024792768,20.24291497975947,700,896,False,1189,966,1789834552.3304684
1789834552.838,24.038461538458176,20.283975659231004,700,907,False,1189,966,1789834552.8475065
1789834553.353,20.04008016032298,20.325203252033724,700,918,False,1189,966,1789834553.3633292
1789834553.87,24.096385542168676,20.36659877800166,700,930,False,1189,966,1789834553.8768659
1789834554.388,19.607843137254903,20.366598778004676,700,940,False,1189,966,1789834554.398259
1789834554.905,20.79002079002142,20.408163265306122,700,951,False,1189,966,1789834554.915612
1789834555.422,20.24291497975947,20.408163265306122,700,962,False,1189,966,1789834555.4339097
1789834555.93,23.69668246445661,20.533880903491987,700,973,False,1189,966,1789834555.9406476
1789834556.446,20.0,20.533880903491987,700,984,False,1189,966,1789834556.457878
1789834556.962,19.920318725097868,20.61855670103093,700,995,False,1189,966,1789834556.9731688
1789834557.471,24.570024570021936,20.61855670103093,700,1006,False,1189,966,1789834557.4811518
1789834557.996,19.531250000001112,20.408163265306122,700,1017,False,1189,966,1789834558.0070856
1789834558.514,19.157088122603763,20.661157024792768,700,1028,False,1189,966,1789834558.5241852
1789834559.029,24.691358024691358,20.661157024792768,700,1039,False,1189,966,1789834559.0422835
1789834559.545,23.529411764705884,20.661157024795873,700,1050,False,1189,966,1789834559.5562007
1789834560.061,20.040080160320056,20.61855670103093,700,1061,False,1189,966,1789834560.0683117
1789834560.579,23.98081534771931,20.61855670103093,700,1072,False,1189,966,1789834560.5903134
1789834561.104,20.283975659228012,20.61855670103093,700,1083,False,1189,966,1789834561.1143663
1789834561.613,23.98081534771931,20.661157024795873,700,1094,False,1189,966,1789834561.6239903
1789834562.129,24.096385542168676,20.61855670103093,700,1105,False,1189,966,1789834562.139895
1789834562.647,20.2020202020202,20.61855670103093,700,1116,False,1189,966,1789834562.6582882
1789834563.161,23.98081534771931,20.61855670103093,700,1128,False,1189,966,1789834563.1662285
1789834563.678,20.0,20.533880903488917,700,1139,False,1189,966,1789834563.6844661
1789834564.194,20.04008016032298,20.44989775051064,700,1150,False,1189,966,1789834564.200318
1789834564.711,20.0,20.366598778004676,700,1161,False,1189,966,1789834564.7167022
1789834565.219,24.03846153846238,20.283975659231004,700,1172,False,1189,966,1789834565.2251697
1789834565.736,23.980815347723496,20.24291497975947,700,1183,False,1189,966,1789834565.7426116
1789834566.253,20.0,20.2020202020202,700,1194,False,1189,966,1789834566.258351
1789834566.769,20.0,20.080321285142322,700,1205,False,1189,966,1789834566.7742352
1789834567.277,23.92344497607489,20.04008016032298,700,1216,False,1189,966,1789834567.282695
1789834567.794,24.038461538466585,20.04008016032298,700,1227,False,1189,966,1789834567.8015487
1789834568.311,19.960079840317043,20.040080160320056,700,1238,False,1189,966,1789834568.316391
1789834568.828,20.04008016032298,20.040080160320056,700,1249,False,1189,966,1789834568.8337598
1789834569.336,23.92344497607489,20.040080160320056,700,1260,False,1189,966,1789834569.341544
1789834569.853,23.98081534771513,20.040080160317135,700,1271,False,1189,966,1789834569.858506
1789834570.369,20.0,20.040080160317135,700,1282,False,1189,966,1789834570.3746395
1789834570.886,20.0,20.040080160317135,700,1293,False,1189,966,1789834570.8910356
1789834571.403,20.0,20.0,700,1304,False,1189,966,1789834571.4078119
1789834571.911,23.980815347723496,20.040080160317135,700,1315,False,1189,966,1789834571.9169888
1789834572.428,20.0,20.040080160317135,700,1326,False,1189,966,1789834572.4339767
1789834572.944,20.0,20.040080160317135,700,1337,False,1189,966,1789834572.9494102
1789834573.461,20.0,20.040080160317135,700,1348,False,1189,966,1789834573.4665723
1789834573.969,24.038461538466585,20.040080160317135,700,1359,False,1189,966,1789834573.975269
1789834574.486,19.96007984032284,20.040080160317135,700,1370,False,1189,966,1789834574.4914715
1789834575.003,20.04008016032298,20.040080160317135,700,1381,False,1189,966,1789834575.0084207
1789834575.519,20.0,20.0,700,1392,False,1189,966,1789834575.5252469
1789834576.028,23.98081534771513,20.0,700,1403,False,1189,966,1789834576.0334113
1789834576.544,20.0,20.0,700,1414,False,1189,966,1789834576.5504866
1789834577.061,19.96007984032284,20.0,700,1425,False,1189,966,1789834577.0659842
1789834577.577,20.0,20.0,700,1436,False,1189,966,1789834577.5832274
1789834578.086,23.980815347723496,20.0,700,1447,False,1189,966,1789834578.0916736
1789834578.602,23.98081534771513,20.0,700,1458,False,1189,966,1789834578.6076198
1789834579.119,20.0,20.0,700,1469,False,1189,966,1789834579.1247094
1789834579.636,20.0,20.0,700,1480,False,1189,966,1789834579.642011
1789834580.144,24.038461538466585,20.0,700,1491,False,1189,966,1789834580.1495705
1789834580.661,24.038461538458176,20.0,700,1502,False,1189,966,1789834580.6669538
1789834581.178,19.960079840317043,20.0,700,1513,False,1189,966,1789834581.1829126
1789834581.694,19.960079840317043,20.0,700,1524,False,1189,966,1789834581.7003136
1789834582.203,23.980815347723496,20.0,700,1535,False,1189,966,1789834582.2081203
1789834582.719,23.980815347723496,20.0,700,1546,False,1189,966,1789834582.7248225
1789834583.236,19.96007984032284,20.0,700,1557,False,1189,966,1789834583.2413492
1789834583.753,19.960079840317043,20.040080160317135,700,1568,False,1189,966,1789834583.7584736
1789834584.261,23.980815347723496,20.040080160317135,700,1579,False,1189,966,1789834584.266553
1789834584.778,23.980815347723496,20.040080160317135,700,1590,False,1189,966,1789834584.7835176
1789834585.294,20.0,20.040080160317135,700,1601,False,1189,966,1789834585.3009934
1789834585.811,19.96007984032284,20.040080160317135,700,1612,False,1189,966,1789834585.8174086
1789834586.319,23.92344497607489,20.040080160317135,700,1623,False,1189,966,1789834586.3249505
1789834586.836,23.980815347723496,20.040080160317135,700,1634,False,1189,966,1789834586.8429854
1789834587.353,20.0,20.040080160317135,700,1645,False,1189,966,1789834587.3578315
1789834587.869,20.0,20.0,700,1656,False,1189,966,1789834587.8876264
1789834588.386,20.0,20.0,700,1667,False,1189,966,1789834588.393637
1789834588.895,24.096385542168676,20.040080160317135,700,1678,False,1189,966,1789834588.9048977
1789834589.412,20.04008016032298,20.040080160317135,700,1689,False,1189,966,1789834589.423254
1789834589.929,20.04008016032298,20.04008016032298,700,1699,False,1189,966,1789834589.9400017
1789834590.437,25.188916876576155,20.04008016032298,700,1710,False,1189,966,1789834590.4476519
1789834590.954,19.920318725100756,20.04008016032298,700,1721,False,1189,966,1789834590.9643784
1789834591.471,20.661157024795873,20.04008016032298,700,1732,False,1189,966,1789834591.482032
1789834591.988,19.646365422399104,20.04008016032298,700,1743,False,1189,966,1789834591.9988112
1789834592.505,24.038461538458176,20.04008016032298,700,1754,False,1189,966,1789834592.5180728
1789834593.022,23.69668246445661,20.080321285139387,700,1765,False,1189,966,1789834593.0334542
1789834593.537,23.98081534771513,20.080321285139387,700,1776,False,1189,966,1789834593.5463145
1789834594.053,24.096385542168676,20.120724346077637,700,1788,False,1189,966,1789834594.0610626
1789834594.57,20.0,20.120724346071746,700,1799,False,1189,966,1789834594.5801954
1789834595.087,20.703933747410762,20.120724346077637,700,1809,False,1189,966,1789834595.0981581
1789834595.654,11.123470522802034,20.120724346077637,700,1821,False,1189,966,1789834595.6634011
1789834596.171,19.30501930501822,20.366598778007695,700,1832,False,1189,966,1789834596.1830912
1789834596.68,23.98081534771513,20.533880903491987,700,1843,False,1189,966,1789834596.6916506
1789834597.195,25.062656641598526,20.576131687240334,700,1854,False,1189,966,1789834597.2059894
1789834597.712,20.0,20.533880903491987,700,1865,False,1189,966,1789834597.7229047
1789834598.229,19.646365422399104,20.533880903491987,700,1876,False,1189,966,1789834598.2392402
1789834598.746,25.188916876576155,20.533880903491987,700,1887,False,1189,966,1789834598.756284
1789834599.263,10.91703056768663,20.661157024789663,700,1898,False,1189,966,1789834599.2738755
1789834599.78,20.661157024789663,20.661157024789663,700,1909,False,1189,966,1789834599.7909007
1789834600.296,24.570024570026327,20.661157024789663,700,1921,False,1189,966,1789834600.3064291
1789834600.813,25.188916876576155,20.661157024789663,700,1931,False,1189,966,1789834600.8229458
1789834601.33,20.920502092048935,20.661157024789663,700,1942,False,1189,966,1789834601.3412848
1789834601.846,20.87682672234074,20.661157024789663,700,1953,False,1189,966,1789834601.855343
1789834602.354,23.310023310018565,20.661157024789663,700,1964,False,1189,966,1789834602.3657408
1789834602.871,20.080321285139387,20.661157024789663,700,1975,False,1189,966,1789834602.88288
1789834603.387,20.120724346077637,20.61855670103093,700,1986,False,1189,966,1789834603.3961866
1789834603.903,24.038461538466585,20.61855670103093,700,1997,False,1189,966,1789834603.913288
1789834604.421,23.14814814814971,20.661157024789663,700,2009,False,1189,966,1789834604.4307194
1789834604.946,20.661157024789663,20.661157024789663,700,2019,False,1189,966,1789834604.9561973
1789834605.463,22.988505747126435,20.661157024789663,700,2030,False,1189,966,1789834605.4738479
1789834605.98,20.040080160317135,20.661157024789663,700,2041,False,1189,966,1789834605.9906037
1789834606.496,19.762845849800097,20.61855670103093,700,2052,False,1189,966,1789834606.5059643
1789834607.005,23.310023310026473,20.61855670103093,700,2063,False,1189,966,1789834607.0159013
1789834607.522,23.92344497607489,20.61855670103093,700,2075,False,1189,966,1789834607.5328412
1789834608.038,19.19385796544891,20.61855670103093,700,2085,False,1189,966,1789834608.0483878
1789834608.555,23.69668246445661,20.661157024789663,700,2096,False,1189,966,1789834608.567387
1789834609.071,19.920318725100756,20.61855670103093,700,2107,False,1189,966,1789834609.0816314
1789834609.587,19.646365422399104,20.576131687246495,700,2118,False,1189,966,1789834609.5975704
1789834610.096,23.980815347723496,20.576131687240334,700,2129,False,1189,966,1789834610.1061437
1789834610.612,19.68503937007761,20.449897750507596,700,2140,False,1189,966,1789834610.6222332
1789834611.129,20.283975659228012,20.449897750507596,700,2151,False,1189,966,1789834611.139067
1789834611.638,24.27184466019589,20.576131687240334,700,2162,False,1189,966,1789834611.650339
1789834612.155,24.330900243305557,20.533880903491987,700,2173,False,1189,966,1789834612.1652746
1789834612.671,19.960079840317043,20.449897750507596,700,2184,False,1189,966,1789834612.6828654
1789834613.187,20.0,20.408163265306122,700,2195,False,1189,966,1789834613.1982315
1789834613.705,23.201856148488744,20.61855670103093,700,2206,False,1189,966,1789834613.7163582
1789834614.222,19.41747572815534,20.61855670103093,700,2217,False,1189,966,1789834614.2330317
1789834614.738,23.14814814814971,20.61855670103093,700,2228,False,1189,966,1789834614.7494135
1789834615.255,19.267822736027586,20.61855670103093,700,2239,False,1189,966,1789834615.2678034
1789834615.771,25.0,20.61855670103093,700,2250,False,1189,966,1789834615.7812061
1789834616.288,20.0,20.61855670103093,700,2261,False,1189,966,1789834616.298421
1789834616.805,20.61855670103093,20.61855670103093,700,2272,False,1189,966,1789834616.8146133
1789834617.314,24.154589371984073,20.61855670103093,700,2283,False,1189,966,1789834617.3267727
1789834617.829,24.27184466019589,20.61855670103093,700,2294,False,1189,966,1789834617.8415744
1789834618.346,20.0,20.61855670103093,700,2305,False,1189,966,1789834618.3580897
1789834618.863,19.41747572815534,20.61855670103093,700,2316,False,1189,966,1789834618.873339
1789834619.38,24.937655860345508,20.61855670103093,700,2327,False,1189,966,1789834619.392055
1789834619.897,19.762845849800097,20.61855670103093,700,2338,False,1189,966,1789834619.9085705
1789834620.413,24.096385542168676,20.61855670103093,700,2349,False,1189,966,1789834620.4242566
1789834620.93,23.92344497607489,20.61855670103093,700,2360,False,1189,966,1789834620.9407985
1789834621.446,20.661157024789663,20.61855670103093,700,2371,False,1189,966,1789834621.456741
1789834621.962,20.080321285139387,20.61855670103093,700,2382,False,1189,966,1789834621.974994
1789834622.471,24.390243902439025,20.61855670103093,700,2393,False,1189,966,1789834622.4830287
1789834622.989,19.19385796545427,20.61855670103093,700,2404,False,1189,966,1789834623.0002475
1789834623.505,19.531250000001112,20.61855670103093,700,2415,False,1189,966,1789834623.5167284
1789834624.013,23.752969121136857,20.61855670103093,700,2426,False,1189,966,1789834624.025567
1789834624.538,24.813895781644884,20.61855670103093,700,2437,False,1189,966,1789834624.5474248
1789834625.054,20.790020790018275,20.61855670103093,700,2448,False,1189,966,1789834625.066287
1789834625.571,23.980815347723496,20.61855670103093,700,2459,False,1189,966,1789834625.5815947
1789834626.088,19.880715705764256,20.61855670103093,700,2470,False,1189,966,1789834626.0978787
1789834626.605,24.271844660187316,20.61855670103093,700,2481,False,1189,966,1789834626.6149826
1789834627.121,19.68503937007761,20.533880903491987,700,2492,False,1189,966,1789834627.1320825
1789834627.637,20.87682672234074,20.661157024789663,700,2503,False,1189,966,1789834627.6480534
1789834628.154,20.74688796680623,20.61855670103093,700,2514,False,1189,966,1789834628.1661065
1789834628.662,24.096385542168676,20.533880903491987,700,2525,False,1189,966,1789834628.6729476
1789834629.179,23.584905660372502,20.533880903491987,700,2536,False,1189,966,1789834629.1893
1789834629.696,24.038461538466585,20.576131687246495,700,2547,False,1189,966,1789834629.7067525
1789834630.213,19.841269841272133,20.703933747410762,700,2558,False,1189,966,1789834630.2241163
1789834630.729,19.920318725100756,20.703933747410762,700,2569,False,1189,966,1789834630.739106
1789834631.237,24.509803921558138,20.703933747410762,700,2580,False,1189,966,1789834631.24884
1789834631.762,20.120724346071746,20.703933747410762,700,2591,False,1189,966,1789834631.772249
1789834632.271,23.364485981298877,20.703933747410762,700,2602,False,1189,966,1789834632.2801363
1789834632.788,24.390243902439025,20.703933747410762,700,2613,False,1189,966,1789834632.8005404
1789834633.305,23.529411764705884,20.703933747404523,700,2624,False,1189,966,1789834633.3162847
1789834633.821,20.120724346083527,20.61855670103093,700,2635,False,1189,966,1789834633.8323188
1789834634.338,24.937655860345508,20.61855670103093,700,2646,False,1189,966,1789834634.3475783
1789834634.854,20.0,20.576131687246495,700,2657,False,1189,966,1789834634.8641822
1789834635.37,19.920318725094983,20.408163265306122,700,2668,False,1189,966,1789834635.381105
1789834635.88,22.988505747126435,20.576131687246495,700,2679,False,1189,966,1789834635.89211
1789834636.397,19.3050193050128,20.408163265306122,700,2690,False,1189,966,1789834636.408017
1789834636.913,22.988505747126435,20.408163265306122,700,2701,False,1189,966,1789834636.9249146
1789834637.43,23.04147465438097,20.53388090348585,700,2712,False,1189,966,1789834637.4404194
1789834637.946,23.148148148157507,20.576131687252655,700,2723,False,1189,966,1789834637.9571595
1789834638.463,20.661157024795873,20.576131687252655,700,2734,False,1189,966,1789834638.4741883
1789834638.979,20.36659877800166,20.533880903498122,700,2745,False,1189,966,1789834638.9894848
1789834639.497,23.923444976083218,20.533880903498122,700,2757,False,1189,966,1789834639.5076041
1789834640.012,19.723865877707503,20.533880903498122,700,2767,False,1189,966,1789834640.024424
1789834640.53,24.87562189054006,20.61855670103093,700,2778,False,1189,966,1789834640.5416567
1789834641.045,20.120724346071746,20.61855670103093,700,2789,False,1189,966,1789834641.0536435
1789834641.563,19.41747572815534,20.61855670103093,700,2800,False,1189,966,1789834641.574766
1789834642.072,24.27184466020446,20.61855670103093,700,2811,False,1189,966,1789834642.0828764
1789834642.638,10.905125408940819,20.703933747404523,700,2823,False,1189,966,1789834642.6495688
1789834643.163,20.08032128513352,20.61855670103093,700,2834,False,1189,966,1789834643.174261
1789834643.67,23.980815347731866,20.61855670103093,700,2845,False,1189,966,1789834643.680375
1789834644.187,23.866348448690665,20.61855670103093,700,2857,False,1189,966,1789834644.1967854
1789834644.705,20.661157024795873,20.491803278693414,700,2867,False,1189,966,1789834644.7166305
1789834645.221,19.379844961238124,20.491803278681193,700,2878,False,1189,966,1789834645.2327166
1789834645.738,24.038461538458176,20.576131687240334,700,2890,False,1189,966,1789834645.7491777
1789834646.255,20.61855670103093,20.576131687252655,700,2900,False,1189,966,1789834646.2656093
1789834646.771,20.242914979747543,20.576131687252655,700,2911,False,1189,966,1789834646.783055
1789834647.28,24.154589371984073,20.576131687252655,700,2922,False,1189,966,1789834647.290941
1789834647.798,22.9357798165107,20.576131687240334,700,2933,False,1189,966,1789834647.8094845
1789834648.313,19.26782273603299,20.491803278681193,700,2944,False,1189,966,1789834648.3250737
1789834648.829,19.841269841272133,20.491803278681193,700,2955,False,1189,966,1789834648.842766
1789834649.347,23.640661938540784,20.36659877800166,700,2966,False,1189,966,1789834649.358688
1789834649.864,19.920318725094983,20.36659877800166,700,2977,False,1189,966,1789834649.8735752
1789834650.38,19.342359767898216,20.36659877800166,700,2988,False,1189,966,1789834650.3918238
1789834650.888,22.883295194501912,20.36659877800166,700,2999,False,1189,966,1789834650.899018
1789834651.404,24.449877750597327,20.36659877800166,700,3010,False,1189,966,1789834651.4136882
1789834651.922,19.23076923076923,20.36659877800166,700,3021,False,1189,966,1789834651.9324136
1789834652.438,23.094688221715217,20.36659877800166,700,3032,False,1189,966,1789834652.45018
1789834652.955,20.408163265306122,20.36659877800166,700,3043,False,1189,966,1789834652.966301
1789834653.47,20.325203252027713,20.325203252027713,700,3054,False,1189,966,1789834653.4803593
1789834653.979,24.937655860345508,20.325203252027713,700,3065,False,1189,966,1789834653.9906478
1789834654.496,20.283975659222023,20.325203252027713,700,3076,False,1189,966,1789834654.506477
1789834655.014,19.841269841272133,20.325203252027713,700,3087,False,1189,966,1789834655.0240803
1789834655.52,24.038461538458176,20.325203252027713,700,3098,False,1189,966,1789834655.5319023
1789834656.037,23.98081534771513,20.325203252027713,700,3109,False,1189,966,1789834656.0490718
1789834656.554,20.408163265306122,20.408163265306122,700,3120,False,1189,966,1789834656.5636504
1789834657.071,20.790020790018275,20.408163265306122,700,3131,False,1189,966,1789834657.0809877
1789834657.58,23.752969121136857,20.44989775051368,700,3142,False,1189,966,1789834657.5924096
1789834658.097,19.646365422399104,20.44989775051368,700,3153,False,1189,966,1789834658.1081502
1789834658.613,22.988505747126435,20.44989775051368,700,3164,False,1189,966,1789834658.6235726
1789834659.13,20.833333333333332,20.44989775051368,700,3175,False,1189,966,1789834659.1403828
1789834659.646,21.18644067797394,20.661157024795873,700,3186,False,1189,966,1789834659.655385
1789834660.154,24.390243902439025,20.661157024795873,700,3197,False,1189,966,1789834660.1640918
1789834660.671,19.379844961249056,20.61855670103093,700,3208,False,1189,966,1789834660.6815271
1789834661.187,20.120724346071746,20.661157024795873,700,3219,False,1189,966,1789834661.1971483
1789834661.696,25.25252525252154,20.661157024795873,700,3230,False,1189,966,1789834661.7066803
1789834662.214,22.883295194501912,20.661157024795873,700,3241,False,1189,966,1789834662.2265162
1789834662.73,19.379844961238124,20.661157024795873,700,3252,False,1189,966,1789834662.740077
1789834663.246,20.120724346071746,20.661157024795873,700,3263,False,1189,966,1789834663.2561102
1789834663.762,24.50980392157562,20.746887966799967,700,3274,False,1189,966,1789834663.7734654
1789834664.279,20.790020790018275,20.746887966799967,700,3285,False,1189,966,1789834664.289362
1789834664.796,20.920502092055305,20.746887966799967,700,3296,False,1189,966,1789834664.8065073
1789834665.304,24.096385542168676,20.746887966799967,700,3307,False,1189,966,1789834665.3158264
1789834665.821,19.53124999999556,20.746887966799967,700,3318,False,1189,966,1789834665.8314505
1789834666.337,20.746887966799967,20.661157024795873,700,3329,False,1189,966,1789834666.347836
1789834666.855,22.779043280185252,20.661157024795873,700,3340,False,1189,966,1789834666.8669386
1789834667.37,25.445292620872678,20.746887966799967,700,3351,False,1189,966,1789834667.3805315
1789834667.888,19.960079840317043,20.746887966799967,700,3362,False,1189,966,1789834667.8987443
1789834668.405,20.576131687240334,20.746887966799967,700,3373,False,1189,966,1789834668.4161053
1789834668.92,20.0,20.746887966799967,700,3384,False,1189,966,1789834668.9301114
1789834669.446,20.120724346083527,20.661157024795873,700,3395,False,1189,966,1789834669.456641
1789834669.954,24.87562189054006,20.661157024795873,700,3406,False,1189,966,1789834669.96334
1789834670.472,23.148148148157507,20.661157024795873,700,3417,False,1189,966,1789834670.4837916
1789834670.988,19.96007984032864,20.661157024795873,700,3428,False,1189,966,1789834670.9987698
1789834671.504,25.380710659902228,20.661157024795873,700,3439,False,1189,966,1789834671.514446
1789834672.022,19.960079840317043,20.66115702478345,700,3450,False,1189,966,1789834672.033083
1789834672.537,24.57002457001754,20.66115702478345,700,3461,False,1189,966,1789834672.5473669
1789834673.054,19.64636542238787,20.61855670103093,700,3472,False,1189,966,1789834673.0643773
1789834673.572,19.157088122601092,20.61855670103093,700,3483,False,1189,966,1789834673.583081
1789834674.079,24.449877750597327,20.61855670103093,700,3494,False,1189,966,1789834674.0909417
1789834674.595,20.161290322578278,20.576131687240334,700,3505,False,1189,966,1789834674.6060498
1789834675.114,19.801980198019802,20.576131687240334,700,3516,False,1189,966,1789834675.123427
1789834675.629,20.661157024795873,20.61855670103093,700,3528,False,1189,966,1789834675.6401138
1789834676.146,20.325203252039735,20.576131687240334,700,3538,False,1189,966,1789834676.1562424
1789834676.654,24.038461538458176,20.66115702478345,700,3549,False,1189,966,1789834676.6656182
1789834677.171,25.31645569620253,20.66115702478345,700,3560,False,1189,966,1789834677.1804824
1789834677.689,19.41747572815534,20.66115702478345,700,3571,False,1189,966,1789834677.7005372
1789834678.205,19.342359767887327,20.576131687240334,700,3582,False,1189,966,1789834678.2158082
1789834678.721,9.990009990009408,20.661157024795873,700,3593,False,1189,966,1789834678.7310076
1789834679.23,23.419203747066213,20.44989775051368,700,3604,False,1189,966,1789834679.2418218
1789834679.746,24.15458937196709,20.576131687240334,700,3615,False,1189,966,1789834679.7576623
1789834680.262,24.271844660187316,20.703933747404523,700,3626,False,1189,966,1789834680.2725434
1789834680.78,22.988505747126435,20.661157024795873,700,3637,False,1189,966,1789834680.7914762
1789834681.297,19.841269841272133,20.703933747416997,700,3648,False,1189,966,1789834681.3083973
1789834681.813,20.161290322578278,20.703933747416997,700,3659,False,1189,966,1789834681.8237514
1789834682.321,25.25252525252154,20.703933747416997,700,3670,False,1189,966,1789834682.3308516
1789834682.837,24.096385542168676,20.703933747416997,700,3681,False,1189,966,1789834682.84325
1789834683.362,24.096385542168676,20.61855670103093,700,3693,False,1189,966,1789834685.8206983
1789834683.878,20.0,20.61855670103093,700,3704,False,1189,966,1789834685.822156
1789834684.395,19.920318725094983,20.36659877800166,700,3715,False,1189,966,1789834685.822156
1789834684.905,22.988505747126435,20.36659877800166,700,3725,False,1189,966,1789834685.8233585
1789834685.421,19.342359767898216,20.36659877800166,700,3736,False,1189,966,1789834685.8246915
1789834685.944,20.04008016031129,20.36659877800166,700,3748,False,1189,966,1789834685.9500065
1789834686.452,23.98081534771513,20.36659877800166,700,3759,False,1189,966,1789834686.457005
1789834686.969,23.98081534771513,20.325203252027713,700,3770,False,1189,966,1789834686.9757848
1789834687.486,20.0,20.2020202020202,700,3781,False,1189,966,1789834687.4910667
1789834688.003,19.960079840317043,20.08032128513352,700,3792,False,1189,966,1789834688.0084918
1789834688.511,23.980815347731866,20.04008016032298,700,3803,False,1189,966,1789834688.5159893
1789834689.027,23.98081534771513,20.04008016032298,700,3814,False,1189,966,1789834689.0328267
1789834689.553,19.960079840317043,20.04008016032298,700,3825,False,1189,966,1789834689.5570576
1789834690.069,20.0,20.04008016032298,700,3836,False,1189,966,1789834690.0726109
1789834690.577,24.038461538458176,20.04008016032298,700,3847,False,1189,966,1789834690.5825899
1789834691.094,20.0,20.04008016032298,700,3858,False,1189,966,1789834691.1014
1789834691.611,20.0,20.04008016032298,700,3869,False,1189,966,1789834691.6156635
1789834692.119,23.98081534771513,20.0,700,3880,False,1189,966,1789834692.1241307
1789834692.636,23.980815347731866,20.0,700,3891,False,1189,966,1789834692.6404433
1789834693.153,19.960079840317043,20.0,700,3902,False,1189,966,1789834693.157637
1789834693.669,20.0,20.0,700,3913,False,1189,966,1789834693.6750922
1789834694.178,24.038461538458176,20.0,700,3924,False,1189,966,1789834694.182267
1789834694.694,23.98081534771513,20.0,700,3935,False,1189,966,1789834694.6986966
1789834695.211,20.0,20.0,700,3946,False,1189,966,1789834695.2160165
1789834695.727,20.0,20.0,700,3957,False,1189,966,1789834695.7319553
1789834696.236,23.980815347731866,20.0,700,3968,False,1189,966,1789834696.240251
1789834696.752,20.04008016032298,20.0,700,3979,False,1189,966,1789834696.7572305
1789834697.269,20.0,20.0,700,3990,False,1189,966,1789834697.2751667
1789834697.786,20.04008016032298,20.0,700,4001,False,1189,966,1789834697.7905235
1789834698.294,24.038461538458176,20.0,700,4012,False,1189,966,1789834698.2983446
1789834698.811,20.0,20.04008016031129,700,4023,False,1189,966,1789834698.8147633
1789834699.328,19.960079840317043,20.04008016031129,700,4034,False,1189,966,1789834699.3324726
1789834699.844,20.0,20.04008016031129,700,4045,False,1189,966,1789834699.848821
1789834700.353,23.98081534771513,20.04008016032298,700,4056,False,1189,966,1789834700.3577428
1789834700.869,20.0,20.04008016032298,700,4067,False,1189,966,1789834700.8749115
1789834701.386,20.0,20.04008016031129,700,4078,False,1189,966,1789834701.3907692
1789834701.894,23.980815347731866,20.04008016032298,700,4089,False,1189,966,1789834701.8981137
1789834702.411,23.980815347731866,20.04008016032298,700,4100,False,1189,966,1789834702.417292
1789834702.928,20.04008016032298,20.04008016032298,700,4111,False,1189,966,1789834702.9331675
1789834703.444,20.0,20.04008016032298,700,4122,False,1189,966,1789834703.4500844
1789834703.952,24.038461538458176,20.04008016032298,700,4133,False,1189,966,1789834703.956939
1789834704.469,23.98081534771513,20.04008016032298,700,4144,False,1189,966,1789834704.474285
1789834704.986,20.0,20.04008016032298,700,4155,False,1189,966,1789834704.9906952
1789834705.502,20.04008016032298,20.04008016032298,700,4166,False,1189,966,1789834705.5077784
1789834706.011,23.980815347731866,20.04008016032298,700,4177,False,1189,966,1789834706.0180628
1789834706.527,24.038461538458176,20.04008016031129,700,4188,False,1189,966,1789834706.5326695
1789834707.044,20.0,20.04008016031129,700,4199,False,1189,966,1789834707.0498884
1789834707.561,19.960079840317043,20.0,700,4210,False,1189,966,1789834707.566808
1789834708.069,24.038461538458176,20.0,700,4221,False,1189,966,1789834708.073799
1789834708.586,20.0,20.04008016031129,700,4232,False,1189,966,1789834708.591411
1789834709.102,20.0,20.0,700,4243,False,1189,966,1789834709.1078308
1789834709.619,20.0,20.0,700,4254,False,1189,966,1789834709.624419
1789834710.136,19.960079840317043,20.0,700,4265,False,1189,966,1789834710.1398
1789834738.101,0.03638612960739366,20.0,700,4276,False,1189,966,1789834738.1209457
1789834738.602,24.038461538458176,20.04008016032298,700,4290,False,1189,966,1789834738.6074347
1789834739.119,10.0,20.04008016032298,700,4300,False,1189,966,1789834739.12315
1789834739.637,20.04008016032298,20.04008016032298,700,4311,False,1189,966,1789834739.6423724
1789834740.158,20.04008016032298,20.04008016032298,700,4322,False,1189,966,1789834740.1643982
1789834740.677,20.0,20.04008016032298,700,4334,False,1189,966,1789834740.682139
1789834741.196,20.0,20.04008016032298,700,4345,False,1189,966,1789834741.2017899
1789834741.716,23.980815347731866,20.04008016032298,700,4356,False,1189,966,1789834741.721575
1789834742.236,20.04008016032298,20.04008016032298,700,4367,False,1189,966,1789834742.2420113
1789834742.755,20.04008016032298,20.04008016032298,700,4378,False,1189,966,1789834742.7615838
1789834743.286,24.038461538474994,20.04008016032298,700,4389,False,1189,966,1789834743.2916708
1789834743.803,20.04008016032298,20.04008016032298,700,4400,False,1189,966,1789834743.807868
1789834744.319,20.0,20.04008016032298,700,4411,False,1189,966,1789834744.3260636
1789834744.828,23.92344497606656,20.04008016032298,700,4422,False,1189,966,1789834744.832431
1789834745.344,24.038461538458176,20.04008016032298,700,4433,False,1189,966,1789834745.3500655
1789834745.861,20.0,20.04008016032298,700,4444,False,1189,966,1789834745.8663104
1789834746.378,20.0,20.04008016032298,700,4455,False,1189,966,1789834746.3831942
1789834746.894,20.0,20.04008016032298,700,4466,False,1189,966,1789834746.8996043
1789834747.403,24.038461538458176,20.04008016032298,700,4477,False,1189,966,1789834747.4085662
1789834747.919,20.0,20.04008016032298,700,4488,False,1189,966,1789834747.9257119
1789834748.436,20.0,20.04008016032298,700,4499,False,1189,966,1789834748.4416869
1789834748.953,19.960079840317043,20.04008016032298,700,4510,False,1189,966,1789834748.9615173
1789834749.461,24.038461538474994,20.04008016032298,700,4521,False,1189,966,1789834749.466916
1789834749.978,20.04008016032298,20.04008016032298,700,4532,False,1189,966,1789834749.9840684
1789834750.494,19.96007984032864,20.04008016032298,700,4543,False,1189,966,1789834750.4999485
1789834751.011,19.960079840317043,20.04008016032298,700,4554,False,1189,966,1789834751.0175653
1789834751.528,20.325203252039735,20.04008016032298,700,4565,False,1189,966,1789834751.539626
1789834752.045,19.880715705758504,20.04008016032298,700,4576,False,1189,966,1789834752.0540295
1789834752.553,24.038461538474994,20.04008016032298,700,4587,False,1189,966,1789834752.5644603
1789834753.071,21.05263157894737,20.04008016032298,700,4598,False,1189,966,1789834753.0808623
1789834753.587,10.952902519165484,20.04008016032298,700,4608,False,1189,966,1789834753.5973215
1789834754.105,24.038461538458176,20.04008016032298,700,4619,False,1189,966,1789834754.122248
1789834754.621,19.960079840317043,20.04008016032298,700,4630,False,1189,966,1789834754.6316643
1789834755.138,20.408163265306122,20.04008016032298,700,4641,False,1189,966,1789834755.1486125
1789834755.655,23.98081534771513,20.080321285145256,700,4652,False,1189,966,1789834755.6671095
1789834756.171,19.379844961249056,20.161290322578278,700,4663,False,1189,966,1789834756.1811633
1789834756.687,24.038461538458176,20.325203252039735,700,4674,False,1189,966,1789834756.6969974
1789834757.204,11.273957158965015,20.325203252039735,700,4685,False,1189,966,1789834757.214247
1789834757.721,19.723865877707503,20.325203252039735,700,4696,False,1189,966,1789834757.7304914
1789834758.238,10.72961373390424,20.408163265306122,700,4707,False,1189,966,1789834758.250108
1789834758.755,20.746887966812494,20.491803278693414,700,4718,False,1189,966,1789834758.7655637
1789834759.272,19.646365422399104,20.408163265306122,700,4729,False,1189,966,1789834759.2823384
1789834759.78,23.752969121136857,20.491803278681193,700,4740,False,1189,966,1789834759.7930665
1789834760.296,19.96007984032864,20.408163265306122,700,4751,False,1189,966,1789834760.3094132
1789834760.813,20.0,20.408163265306122,700,4762,False,1189,966,1789834760.8233976
1789834761.329,23.80952380952381,20.491803278681193,700,4773,False,1189,966,1789834761.339801
1789834761.846,20.242914979747543,20.408163265306122,700,4784,False,1189,966,1789834761.8576066
1789834762.363,20.703933747416997,20.491803278681193,700,4795,False,1189,966,1789834762.3731282
1789834762.871,24.096385542168676,20.408163265306122,700,4806,False,1189,966,1789834762.881361
1789834763.388,23.98081534771513,20.408163265306122,700,4817,False,1189,966,1789834763.3992093
1789834763.905,19.880715705770008,20.36659877800166,700,4828,False,1189,966,1789834763.9160483
1789834764.421,20.04008016031129,20.36659877800166,700,4839,False,1189,966,1789834764.4316394
1789834764.928,23.529411764705884,20.36659877800166,700,4850,False,1189,966,1789834764.940609
1789834765.446,19.342359767887327,20.36659877800166,700,4861,False,1189,966,1789834765.4563653
1789834765.962,19.607843137254903,20.366598777989587,700,4872,False,1189,966,1789834765.9731863
1789834766.478,20.0,20.366598777989587,700,4883,False,1189,966,1789834766.4831123
1789834766.994,23.98081534771513,20.36659877800166,700,4895,False,1189,966,1789834766.9998126
1789834767.511,20.0,20.325203252027713,700,4906,False,1189,966,1789834767.5169113
1789834768.028,19.96007984032864,20.325203252027713,700,4917,False,1189,966,1789834768.0330977
1789834768.544,20.0,20.283975659234,700,4928,False,1189,966,1789834768.5507681
1789834769.053,24.038461538474994,20.283975659234,700,4939,False,1189,966,1789834769.0590954
1789834769.569,23.98081534771513,20.283975659234,700,4950,False,1189,966,1789834769.5749903
1789834770.086,20.0,20.080321285145256,700,4961,False,1189,966,1789834770.0926974
1789834770.603,20.0,20.040080160334668,700,4972,False,1189,966,1789834770.6089737
1789834771.111,24.038461538474994,20.04008016031129,700,4983,False,1189,966,1789834771.1169508
1789834771.628,24.038461538474994,20.04008016031129,700,4994,False,1189,966,1789834771.6331832
1789834772.144,20.04008016031129,20.04008016031129,700,5005,False,1189,966,1789834772.1494641
1789834772.661,20.0,20.04008016031129,700,5016,False,1189,966,1789834772.6664119
1789834773.169,24.038461538441357,20.04008016031129,700,5027,False,1189,966,1789834773.176133
1789834773.736,10.917030567688364,20.04008016031129,700,5038,False,1189,966,1789834773.743406
1789834774.253,23.98081534771513,20.04008016031129,700,5050,False,1189,966,1789834774.257626
1789834774.769,20.0,20.04008016031129,700,5061,False,1189,966,1789834774.7746801
1789834775.286,20.0,20.04008016031129,700,5072,False,1189,966,1789834775.2914112
1789834775.803,20.04008016031129,20.04008016031129,700,5083,False,1189,966,1789834775.8080149
1789834776.311,23.98081534771513,20.04008016031129,700,5094,False,1189,966,1789834776.3172889
1789834776.827,20.0,20.0,700,5105,False,1189,966,1789834776.8330116
1789834777.344,20.0,20.0,700,5116,False,1189,966,1789834777.3508718
1789834777.861,19.960079840305447,20.04008016031129,700,5127,False,1189,966,1789834777.865795
1789834778.369,23.98081534771513,20.04008016031129,700,5138,False,1189,966,1789834778.3747175
1789834778.886,20.0,20.04008016031129,700,5149,False,1189,966,1789834778.8923874
1789834779.403,20.0,20.04008016031129,700,5160,False,1189,966,1789834779.4089954
1789834779.919,20.0,20.04008016031129,700,5171,False,1189,966,1789834779.9242604
1789834780.428,23.980815347748603,20.04008016031129,700,5182,False,1189,966,1789834780.4331424
1789834780.944,24.038461538441357,20.04008016031129,700,5193,False,1189,966,1789834780.9499218
1789834781.461,20.0,20.04008016031129,700,5204,False,1189,966,1789834781.4668248
1789834781.978,20.04008016031129,20.04008016031129,700,5215,False,1189,966,1789834781.9841754
1789834782.486,23.98081534771513,20.04008016031129,700,5226,False,1189,966,1789834782.4915342
1789834783.003,23.98081534771513,20.0,700,5237,False,1189,966,1789834783.0083423
1789834783.519,20.0,20.04008016031129,700,5248,False,1189,966,1789834783.5246034
1789834784.036,20.040080160334668,20.04008016031129,700,5259,False,1189,966,1789834784.0420125
1789834784.544,23.98081534771513,20.04008016031129,700,5270,False,1189,966,1789834784.5500555
1789834785.061,23.98081534771513,20.04008016031129,700,5281,False,1189,966,1789834785.0665996
1789834785.578,20.04008016031129,20.04008016031129,700,5292,False,1189,966,1789834785.583474
1789834786.094,20.0,20.04008016031129,700,5303,False,1189,966,1789834786.1006887
1789834786.603,23.923444976083218,20.04008016031129,700,5314,False,1189,966,1789834786.6079671
1789834787.128,19.96007984032864,20.04008016031129,700,5325,False,1189,966,1789834787.1326258
1789834787.636,23.98081534771513,20.04008016031129,700,5336,False,1189,966,1789834787.6424603
1789834788.153,23.98081534771513,20.04008016031129,700,5347,False,1189,966,1789834788.1576421
1789834788.669,20.0,20.04008016031129,700,5358,False,1189,966,1789834788.674971
1789834789.186,20.040080160334668,20.04008016031129,700,5369,False,1189,966,1789834789.191519
1789834789.694,23.98081534771513,20.04008016031129,700,5380,False,1189,966,1789834789.7009585
1789834790.211,23.98081534771513,20.04008016031129,700,5391,False,1189,966,1789834790.2175298
1789834790.728,20.0,20.04008016031129,700,5402,False,1189,966,1789834790.7336273
1789834791.244,20.04008016031129,20.04008016031129,700,5413,False,1189,966,1789834791.2491531
1789834791.762,19.64636542238787,20.04008016031129,700,5423,False,1189,966,1789834791.7740984
1789834792.27,24.15458937196709,20.04008016031129,700,5434,False,1189,966,1789834792.2797403
1789834792.788,23.584905660364406,20.04008016031129,700,5445,False,1189,966,1789834792.7999334
1789834793.354,10.857763300755925,20.04008016031129,700,5457,False,1189,966,1789834793.3644428
1789834793.872,19.841269841260676,20.04008016031129,700,5468,False,1189,966,1789834793.883879
1789834794.379,24.390243902439025,20.040080160334668,700,5479,False,1189,966,1789834794.3890414
1789834794.896,19.342359767887327,20.120724346071746,700,5490,False,1189,966,1789834794.9064314
1789834795.413,20.04008016031129,20.12072434609531,700,5501,False,1189,966,1789834795.4247434
1789834795.922,23.923444976083218,20.325203252027713,700,5512,False,1189,966,1789834795.9324448
1789834796.488,10.881392818277984,20.408163265306122,700,5524,False,1189,966,1789834796.499515
1789834797.005,19.41747572815534,20.491803278693414,700,5535,False,1189,966,1789834797.016875
1789834797.513,23.04147465436552,20.576131687228013,700,5546,False,1189,966,1789834797.5237448
1789834798.029,20.12072434609531,20.61855670103093,700,5557,False,1189,966,1789834798.0404544
1789834798.546,23.04147465436552,20.66115702478345,700,5568,False,1189,966,1789834798.556285
1789834799.063,10.940919037196338,20.66115702478345,700,5579,False,1189,966,1789834799.0747519
1789834799.58,23.094688221715217,20.66115702478345,700,5590,False,1189,966,1789834799.5912955
1789834800.095,19.960079840305447,20.661157024808297,700,5601,False,1189,966,1789834800.1050725
1789834800.621,19.92031872511808,20.661157024808297,700,5612,False,1189,966,1789834800.6313713
1789834801.13,23.86634844867409,20.703933747416997,700,5623,False,1189,966,1789834801.1403184
1789834801.645,23.98081534771513,20.703933747416997,700,5634,False,1189,966,1789834801.6528652
1789834802.163,24.330900243288326,20.746887966799967,700,5646,False,1189,966,1789834802.1739902
1789834802.679,24.096385542168676,20.746887966799967,700,5657,False,1189,966,1789834802.6905642
1789834803.203,20.040080160334668,20.703933747416997,700,5667,False,1189,966,1789834803.2134712
1789834803.712,23.980815347748603,20.703933747416997,700,5678,False,1189,966,1789834803.722367
1789834804.23,22.988505747126435,20.703933747416997,700,5689,False,1189,966,1789834804.2412212
1789834804.747,19.960079840305447,20.703933747416997,700,5700,False,1189,966,1789834804.756989
1789834805.262,20.080321285145256,20.703933747416997,700,5711,False,1189,966,1789834805.2691474
1789834805.78,23.923444976083218,20.661157024808297,700,5722,False,1189,966,1789834805.7919025
1789834806.296,25.0,20.703933747416997,700,5733,False,1189,966,1789834806.3080826
1789834806.811,24.096385542168676,20.61855670103093,700,5745,False,1189,966,1789834809.186732
1789834807.329,19.96007984032864,20.576131687228013,700,5756,False,1189,966,1789834809.187933
1789834807.847,19.646365422410337,20.53388090348585,700,5767,False,1189,966,1789834809.1891055
1789834808.355,23.980815347748603,20.325203252051757,700,5777,False,1189,966,1789834809.1904724
1789834808.871,10.917030567681428,20.325203252051757,700,5788,False,1189,966,1789834809.1924987
1789834809.394,20.0,20.325203252027713,700,5799,False,1189,966,1789834809.3988254
1789834809.911,24.038461538441357,20.325203252051757,700,5811,False,1189,966,1789834809.915331
1789834810.427,20.0,20.325203252027713,700,5822,False,1189,966,1789834810.4315813
1789834810.944,20.0,20.16129032259011,700,5833,False,1189,966,1789834810.9488692
1789834811.452,24.038461538474994,20.120724346071746,700,5844,False,1189,966,1789834811.4576604
1789834811.969,23.98081534771513,20.080321285121787,700,5855,False,1189,966,1789834811.9735599
1789834812.486,20.0,20.040080160334668,700,5866,False,1189,966,1789834812.49059
1789834813.002,20.0,20.040080160334668,700,5877,False,1189,966,1789834813.0075119
1789834813.511,24.038461538441357,20.040080160334668,700,5888,False,1189,966,1789834813.5162785
1789834814.028,23.98081534771513,20.040080160334668,700,5899,False,1189,966,1789834814.032845
1789834814.544,20.04008016031129,20.04008016031129,700,5910,False,1189,966,1789834814.549606
1789834815.061,20.0,20.04008016031129,700,5921,False,1189,966,1789834815.0653837
1789834815.569,23.98081534771513,20.04008016031129,700,5932,False,1189,966,1789834815.5737467
1789834816.086,23.923444976049904,20.04008016031129,700,5943,False,1189,966,1789834816.090249
1789834816.602,20.0,20.04008016031129,700,5954,False,1189,966,1789834816.607958
1789834817.119,20.0,20.04008016031129,700,5965,False,1189,966,1789834817.1240137
1789834817.628,23.98081534771513,20.04008016031129,700,5976,False,1189,966,1789834817.6329603
1789834818.144,20.04008016031129,20.04008016031129,700,5987,False,1189,966,1789834818.150167
1789834818.661,20.040080160334668,20.04008016031129,700,5998,False,1189,966,1789834818.6655586
1789834819.177,20.0,20.04008016031129,700,6009,False,1189,966,1789834819.1820986
1789834819.686,23.98081534771513,20.04008016031129,700,6020,False,1189,966,1789834819.6916084
1789834820.203,19.96007984032864,20.04008016031129,700,6031,False,1189,966,1789834820.2083127
1789834820.719,20.0,20.04008016031129,700,6042,False,1189,966,1789834820.7239127
1789834821.228,23.980815347748603,20.04008016031129,700,6053,False,1189,966,1789834821.2322578
1789834821.744,23.923444976083218,20.04008016031129,700,6064,False,1189,966,1789834821.749061
1789834822.261,20.0,20.04008016031129,700,6075,False,1189,966,1789834822.264993
1789834822.778,20.0,20.04008016031129,700,6086,False,1189,966,1789834822.7839398
1789834823.286,23.98081534771513,20.04008016031129,700,6097,False,1189,966,1789834823.2909725
1789834823.803,23.980815347748603,20.04008016031129,700,6108,False,1189,966,1789834823.8155544
1789834824.319,20.0,20.04008016031129,700,6119,False,1189,966,1789834824.324453
1789834824.836,20.040080160334668,20.04008016031129,700,6130,False,1189,966,1789834824.8409681
1789834825.344,23.98081534771513,20.04008016031129,700,6141,False,1189,966,1789834825.3480918
1789834825.861,24.038461538474994,20.04008016031129,700,6152,False,1189,966,1789834825.865854
1789834826.377,19.96007984032864,20.04008016031129,700,6163,False,1189,966,1789834826.3825078
1789834826.894,20.0,20.04008016031129,700,6174,False,1189,966,1789834826.9063733
1789834827.403,23.98081534771513,20.04008016031129,700,6185,False,1189,966,1789834827.4073749
1789834827.919,20.04008016031129,20.04008016031129,700,6196,False,1189,966,1789834827.9248054
1789834828.436,20.040080160334668,20.04008016031129,700,6207,False,1189,966,1789834828.4412608
1789834828.953,19.96007984032864,20.04008016031129,700,6218,False,1189,966,1789834828.9571767
1789834829.461,23.98081534771513,20.04008016031129,700,6229,False,1189,966,1789834829.4671233
1789834829.977,20.04008016031129,20.04008016031129,700,6240,False,1189,966,1789834829.9815016
1789834830.494,24.038461538441357,20.04008016031129,700,6251,False,1189,966,1789834830.4987445
1789834831.002,23.980815347748603,20.04008016031129,700,6262,False,1189,966,1789834831.008444
1789834831.519,24.038461538441357,20.04008016031129,700,6273,False,1189,966,1789834831.52481
1789834832.036,19.960079840305447,20.04008016031129,700,6284,False,1189,966,1789834832.0406475
1789834832.553,20.0,20.04008016031129,700,6295,False,1189,966,1789834832.557603
1789834833.061,23.98081534771513,20.04008016031129,700,6306,False,1189,966,1789834833.0657866
1789834833.578,19.96007984032864,20.04008016031129,700,6317,False,1189,966,1789834833.5819468
1789834834.094,20.0,20.04008016031129,700,6328,False,1189,966,1789834834.1009352
1789834834.613,10.72961373390424,20.04008016031129,700,6338,False,1189,966,1789834834.6194892
1789834835.128,23.980815347748603,20.04008016031129,700,6350,False,1189,966,1789834835.1347878
1789834835.645,20.080321285145256,20.04008016031129,700,6361,False,1189,966,1789834835.655565
1789834836.163,19.157088122601092,20.04008016031129,700,6372,False,1189,966,1789834836.1731405
1789834836.672,23.419203747066213,20.04008016031129,700,6382,False,1189,966,1789834836.683704
1789834837.187,20.0,20.040080160334668,700,6393,False,1189,966,1789834837.1961226
1789834837.703,25.062656641589385,20.040080160334668,700,6404,False,1189,966,1789834837.7133038
1789834838.22,19.646365422410337,20.040080160334668,700,6415,False,1189,966,1789834838.231263
1789834838.737,20.0,20.040080160334668,700,6426,False,1189,966,1789834838.747764
1789834839.255,22.93577981649539,20.080321285145256,700,6437,False,1189,966,1789834839.2667809
1789834839.772,19.880715705770008,20.080321285145256,700,6448,False,1189,966,1789834839.7835636
1789834840.288,20.61855670103093,20.2020202020202,700,6459,False,1189,966,1789834840.2981873
1789834840.804,24.038461538441357,20.242914979771395,700,6470,False,1189,966,1789834840.8144348
1789834841.321,20.833333333333332,20.325203252027713,700,6481,False,1189,966,1789834841.3336537
1789834841.838,20.61855670103093,20.491803278693414,700,6492,False,1189,966,1789834841.8486004
1789834842.354,24.937655860363606,20.491803278693414,700,6503,False,1189,966,1789834842.365131
1789834842.871,19.920318725094983,20.53388090348585,700,6514,False,1189,966,1789834842.8818164
1789834843.388,19.84126984128359,20.61855670103093,700,6525,False,1189,966,1789834843.3988316
1789834843.895,25.44529262083499,20.61855670103093,700,6536,False,1189,966,1789834843.9056954
1789834844.413,22.988505747126435,20.661157024808297,700,6547,False,1189,966,1789834844.4247046
1789834844.929,25.062656641625946,20.661157024808297,700,6558,False,1189,966,1789834844.9398193
1789834845.446,24.15458937196709,20.661157024808297,700,6569,False,1189,966,1789834845.4574294
1789834845.963,19.267822736022186,20.661157024808297,700,6580,False,1189,966,1789834845.9734976
1789834846.48,20.61855670103093,20.61855670103093,700,6591,False,1189,966,1789834846.4909873
1789834846.988,24.271844660187316,20.61855670103093,700,6602,False,1189,966,1789834846.9982057
1789834847.555,10.799136069117186,20.61855670103093,700,6614,False,1189,966,1789834847.5655959
1789834848.071,19.920318725094983,20.61855670103093,700,6625,False,1189,966,1789834848.081813
1789834848.58,23.25581395348837,20.61855670103093,700,6636,False,1189,966,1789834848.5913343
1789834849.095,20.161290322566447,20.576131687252655,700,6647,False,1189,966,1789834849.105519
1789834849.613,24.57002457001754,20.576131687252655,700,6658,False,1189,966,1789834849.6233943
1789834850.128,20.0,20.576131687252655,700,6669,False,1189,966,1789834850.1387024
1789834850.688,11.061946902652018,20.53388090348585,700,6680,False,1189,966,1789834850.6995022
1789834851.204,25.125628140710866,20.53388090348585,700,6692,False,1189,966,1789834851.2138796
1789834851.721,23.14814814814191,20.408163265306122,700,6703,False,1189,966,1789834851.7326994
1789834852.237,19.920318725094983,20.491803278693414,700,6714,False,1189,966,1789834852.2475426
1789834852.755,23.529411764705884,20.533880903510394,700,6725,False,1189,966,1789834852.7668076
1789834853.272,24.330900243288326,20.533880903510394,700,6736,False,1189,966,1789834853.2812634
1789834853.788,23.584905660364406,20.53388090348585,700,6747,False,1189,966,1789834853.7987933
1789834854.303,25.2525252525401,20.53388090348585,700,6758,False,1189,966,1789834854.3126354
1789834854.82,23.98081534771513,20.576131687252655,700,6770,False,1189,966,1789834854.8294508
1789834855.336,19.96007984032864,20.408163265306122,700,6781,False,1189,966,1789834855.342346
1789834855.853,19.920318725094983,20.408163265306122,700,6792,False,1189,966,1789834855.8635268
1789834856.362,24.038461538441357,20.408163265306122,700,6803,False,1189,966,1789834856.3687842
1789834856.878,24.038461538474994,20.366598777989587,700,6814,False,1189,966,1789834856.887109
1789834857.396,19.305019305023645,20.283975659234,700,6825,False,1189,966,1789834857.406602
1789834857.913,19.880715705747004,20.242914979747543,700,6835,False,1189,966,1789834857.92494
1789834858.43,23.474178403768697,20.283975659234,700,6846,False,1189,966,1789834858.4420831
1789834858.945,25.062656641589385,20.242914979747543,700,6857,False,1189,966,1789834858.9568424
1789834859.463,19.880715705770008,20.12072434609531,700,6868,False,1189,966,1789834859.4729598
1789834859.979,19.920318725094983,20.12072434609531,700,6879,False,1189,966,1789834859.9896314
1789834860.496,24.038461538474994,20.12072434609531,700,6890,False,1189,966,1789834860.5071225
1789834861.013,20.53388090348585,20.242914979747543,700,6901,False,1189,966,1789834861.0239785
1789834861.531,20.080321285121787,20.2020202020202,700,6912,False,1189,966,1789834861.5424185
1789834862.047,23.98081534771513,20.2020202020202,700,6923,False,1189,966,1789834862.0575786
1789834862.563,25.125628140710866,20.408163265306122,700,6934,False,1189,966,1789834862.5734966
1789834863.079,25.062656641589385,20.491803278693414,700,6946,False,1189,966,1789834863.0893445
1789834863.597,19.342359767887327,20.491803278693414,700,6956,False,1189,966,1789834863.6090198
1789834864.113,23.86634844867409,20.53388090348585,700,6967,False,1189,966,1789834864.125077
1789834864.63,19.342359767909105,20.576131687252655,700,6978,False,1189,966,1789834864.6417723
1789834865.154,20.790020790005695,20.66115702478345,700,6989,False,1189,966,1789834865.1636598
1789834865.664,24.330900243322787,20.661157024808297,700,7000,False,1189,966,1789834865.673893
1789834866.18,23.1481481481731,20.66115702478345,700,7011,False,1189,966,1789834866.1900992
1789834866.696,19.841269841260676,20.66115702478345,700,7022,False,1189,966,1789834866.7060974
1789834867.212,20.242914979771395,20.66115702478345,700,7033,False,1189,966,1789834867.222743
1789834867.721,25.25252525250298,20.66115702478345,700,7044,False,1189,966,1789834867.7337866
1789834868.237,23.529411764705884,20.661157024808297,700,7055,False,1189,966,1789834868.2483523
1789834868.754,24.875621890576078,20.661157024808297,700,7066,False,1189,966,1789834868.7637906
1789834869.271,19.23076923076923,20.703933747392046,700,7077,False,1189,966,1789834869.2824495
1789834869.788,23.419203747066213,20.746887966799967,700,7088,False,1189,966,1789834869.799901
1789834870.305,23.474178403768697,20.746887966799967,700,7099,False,1189,966,1789834870.3157768
1789834870.822,19.685039370083253,20.66115702478345,700,7110,False,1189,966,1789834870.8325498
1789834871.339,19.880715705770008,20.66115702478345,700,7121,False,1189,966,1789834871.3515868
1789834871.856,23.866348448707242,20.66115702478345,700,7132,False,1189,966,1789834871.8678555
1789834872.372,23.80952380952381,20.66115702478345,700,7143,False,1189,966,1789834872.384208
1789834872.888,19.801980198019802,20.66115702478345,700,7154,False,1189,966,1789834872.9002166
1789834873.404,20.746887966825025,20.66115702478345,700,7165,False,1189,966,1789834873.4145966
1789834873.913,23.474178403768697,20.66115702478345,700,7176,False,1189,966,1789834873.9252815
